plate	well	matchedFALSE	matchedTRUE
CP00001	A1	137.5885186036959	944.2870632672333
CP00001	A10	32.5692628578797	426.05913248777324
CP00001	A11	3204.6382175263398	21187.080947690218
CP00001	A12	3176.2785872827444	20738.644294463356
CP00001	A2	4463.539928808465	22043.187285668773
CP00001	A3	13.293576676685593	55.168343208245204
CP00001	A4	4783.028888271477	26029.487811784224
CP00001	A5	316.6086845163952	2254.8121639771543
CP00001	A6	4885.832547904512	26093.518539443594
CP00001	A7	3363.9395780352893	15758.870471376935
CP00001	A8	2966.46163540239	16587.94653677956
CP00001	A9	1747.4406541503213	9704.975652814315
CP00001	B1	3714.8900022997886	24226.21413559182
CP00001	B10	3446.3597534307396	20599.06173935816
CP00001	B11	1943.5209101314335	12186.664858740238
CP00001	B12	3654.8473476434256	23906.946735740094
CP00001	B2	4336.143152323562	22767.908774159412
CP00001	B3	3812.1546716508715	21793.268044147084
CP00001	B4	5942.671893701016	33020.3582264419
CP00001	B5	59.821095045085166	576.4981085455986
CP00001	B6	4391.08993592053	28099.740819566727
CP00001	B7	4205.20142205821	23970.97746339946
CP00001	B8	28.802749466152115	373.10638539230894
CP00001	B9	3347.101047578154	18438.190850562914
CP00001	C1	5843.856307070986	27057.967527337132
CP00001	C10	79.76146006011355	309.96189617805237
CP00001	C11	240.17061862545302	200.73300781795245
CP00001	C12	234.4100687322226	632.331130587678
CP00001	C2	4067.391343843235	25099.380563638788
CP00001	C3	4803.190812897783	26548.823540620077
CP00001	C4	5953.74987426492	25969.223597516582
CP00001	C5	6045.253993722773	31033.63319211124
CP00001	C6	4039.4748328221954	21883.22124632599
CP00001	C7	62.701369991700375	806.6985446635374
CP00001	C8	20.826603460140763	326.57886702390937
CP00001	C9	3223.2492248737	17587.845062477594
CP00001	D1	88.40228489995918	366.01647783140993
CP00001	D10	2175.050703917041	13213.372097402922
CP00001	D11	36.557335860885374	304.6444655073782
CP00001	D12	38.77293197366631	522.2160037824657
CP00001	D2	25.922474519536905	408.9990424193601
CP00001	D3	169.9362218502975	407.2265655291353
CP00001	D4	1922.2511874487368	9046.278928484546
CP00001	D5	4231.567015800302	26031.48184828573
CP00001	D6	4133.416108004107	22925.880777000697
CP00001	D7	691.2659871876508	4523.804143076107
CP00001	D8	84.41421189695352	352.0582223208901
CP00001	D9	4086.0023511905947	24418.52787818121
CP00001	E1	87.959165677403	384.40592556749175
CP00001	E10	43.64724342178436	564.9770087591377
CP00001	E11	1408.4544488948386	413.6517942562
CP00001	E12	97.26466935108292	426.2806920990513
CP00001	E2	4046.3431807718157	25549.811253367152
CP00001	E3	5161.674263945737	24653.381066135986
CP00001	E4	2304.4415169034473	12286.36668381538
CP00001	E5	1687.6195591052358	9945.589390662326
CP00001	E6	25.479355296980717	257.23070869386623
CP00001	E7	33.01238208043589	176.80456979991837
CP00001	E8	30.35366674509877	321.9261151870694
CP00001	E9	1995.1442995592292	413.6517942562
CP00001	F1	216.90685944125323	601.534344620023
CP00001	F10	630.5586536974533	217.34997866380942
CP00001	F11	36.77889547216348	146.4509030548196
CP00001	F12	39.2160511962225	280.2729082667879
CP00001	F2	24.59311685186835	238.39814173522828
CP00001	F3	3880.6165915358024	20092.133348753883
CP00001	F4	22.8206399616436	229.09263806154837
CP00001	F5	5255.837098738927	23552.894476917696
CP00001	F6	4234.447290746917	22802.915192741355
CP00001	F7	46.52751836839957	252.79951646830432
CP00001	F8	18.832566958637923	329.45914197052457
CP00001	F9	452.2031666185882	348.95638776299677
CP00001	G1	35.449537804494916	390.1664754607221
CP00001	G10	51.18027020523953	232.63759184199785
CP00001	G11	19.718805403750295	325.0279497449627
CP00001	G12	25.257795685702625	75.1087082232736
CP00001	G2	49.62935292629288	329.0160227479684
CP00001	G3	13.072017065407499	239.28438018034066
CP00001	G4	14.622934344354151	313.72840956978
CP00001	G5	3567.774420411135	21028.88738523766
CP00001	G6	50.958710593961435	275.1770372073918
CP00001	G7	144.89998577587298	301.98575017204104
CP00001	G8	19.940365015028387	211.14630954802283
CP00001	G9	17.060090068413178	137.1453993811397
CP00001	H1	89.95320217890584	194.52933870216583
CP00001	H10	48.743114481180505	255.01511258108528
CP00001	H11	46.74907797967767	277.83575254272887
CP00001	H12	16.395411234578894	165.7265892360137
CP00001	H2	86.18668878717826	214.6912633284723
CP00001	H3	27.251832187205466	184.33759658337354
CP00001	H4	42.539445365393895	312.17749229083336
CP00001	H5	63.587608436812744	195.4155771472782
CP00001	H6	62.47981038042228	314.83620762617045
CP00001	H7	447.32885517047015	173.92429485330317
CP00001	H8	22.599080350365504	236.40410523372543
CP00001	H9	173.92429485330317	180.1279639690898
CP00002	A1	134.27975004085675	514.7109615744258
CP00002	A10	74.80578295877089	393.9097309855999
CP00002	A11	51.72381839716816	257.6082030269385
CP00002	A12	3980.206794184693	26034.939692049524
CP00002	A2	5159.7457277305375	30889.733917177866
CP00002	A3	173.36745645174608	317.5876145884755
CP00002	A4	49.19659599991239	337.1314677939202
CP00002	A5	17.522075287640032	336.626023314469
CP00002	A6	18.701445739692723	323.1475038624382
CP00002	A7	2722.66092931022	16731.560121778424
CP00002	A8	38.75074342458853	299.5600948213843
CP00002	A9	103.11067380803556	193.0797911503411
CP00002	B1	1.8532964246542338	9.771926602722324
CP00002	B10	18.364482753391954	330.3922080679048
CP00002	B11	56.77826319167971	196.4494210133488
CP00002	B12	28.81033532871582	406.54584297187876
CP00002	B2	4281.451703937581	26899.249751911004
CP00002	B3	17.353593794489644	297.0328724241286
CP00002	B4	296.5274279446774	520.9447768209901
CP00002	B5	29.98970578076851	450.3510311909788
CP00002	B6	11.625223027376558	302.25579871179053
CP00002	B7	110.5238595066525	275.6357227940297
CP00002	B8	211.78123689003382	454.2261055334377
CP00002	B9	140.513565287421	317.7560960816259
CP00002	C1	32.01148369857313	375.03980375275677
CP00002	C10	235.03168294478692	380.7681745198699
CP00002	C11	26.283112931460042	348.5882093281463
CP00002	C12	278.66838967073664	696.6709741768416
CP00002	C2	234.69471995848616	210.9388294242819
CP00002	C3	195.77549504074724	355.1589875610114
CP00002	C4	53.745596314972786	601.1419675605733
CP00002	C5	48.69115152046123	431.98654843758686
CP00002	C6	33.35933564377621	289.788168218662
CP00002	C7	58.800041109484326	780.9117207520341
CP00002	C8	146.91586202713563	354.82202457471055
CP00002	C9	91.14848779435823	327.86498567064905
CP00002	D1	260.64086990364547	412.10573224584147
CP00002	D10	161.91071491751987	245.47753552011082
CP00002	D11	47.17481808210777	350.77846873910136
CP00002	D12	36.56048401363353	531.2221479031635
CP00002	D2	27.125520397211968	369.3114329856437
CP00002	D3	28.136409356114278	376.72461868426063
CP00002	D4	56.272818712228556	240.9285352050504
CP00002	D5	60.14789305468741	360.718876834974
CP00002	D6	117.93704520526943	369.1429514924933
CP00002	D7	31.000594739670824	388.686804697938
CP00002	D8	62.67511545194318	409.2415468622849
CP00002	D9	44.310632698551224	383.29539691712563
CP00002	E1	76.32211639712435	319.10394802682896
CP00002	E10	4355.583560923751	27481.52179223873
CP00002	E11	3782.2410397329904	24453.909360326314
CP00002	E12	4317.843706458064	28371.778002045365
CP00002	E2	5823.057366263603	37219.75209633098
CP00002	E3	5196.980137716772	33903.025422172504
CP00002	E4	3417.6470885555577	19762.710665046998
CP00002	E5	2332.4577911739284	14759.147281466867
CP00002	E6	5021.253940360921	32617.343147941916
CP00002	E7	3558.3291353361287	21733.944134906502
CP00002	E8	4480.4283473481855	30726.980794794596
CP00002	E9	3731.865073281025	25067.01351390057
CP00002	F1	261.65175886254775	354.6535430815602
CP00002	F10	3225.746667857269	20612.53131649754
CP00002	F11	2779.4391925019	17890.37583166677
CP00002	F12	4084.15987545848	29049.24208600306
CP00002	F2	23.250446054753116	283.5543529720978
CP00002	F3	5217.871842867421	33202.4793736532
CP00002	F4	4026.8761677873495	21359.578257126344
CP00002	F5	29.98970578076851	417.3286585335034
CP00002	F6	35.88655804103198	410.08395432803684
CP00002	F7	4342.44200445802	25166.417594859293
CP00002	F8	4597.691466580853	30836.325283849197
CP00002	F9	5096.396686305992	35006.74768380068
CP00002	G1	24.598297999956195	406.208879985578
CP00002	G10	34.37022460267852	316.913688615874
CP00002	G11	329.7182820953032	374.53435927330565
CP00002	G12	31.000594739670824	422.5515848211653
CP00002	G2	5419.881153154732	39329.1403905738
CP00002	G3	9.098000630120785	66.04474531495087
CP00002	G4	6244.935025112167	33108.80366346159
CP00002	G5	4683.2800651012485	27089.802320664086
CP00002	G6	4626.501801909569	30414.11066201433
CP00002	G7	5155.028245922326	33106.61340405064
CP00002	G8	3974.3099419244295	27319.10563284176
CP00002	G9	2722.8294108033706	17027.919068229952
CP00002	H1	34.875669082129676	244.12968357490772
CP00002	H10	515.8903320264785	323.31598535558857
CP00002	H11	64.19144889029664	329.54980060215286
CP00002	H12	36.72896550678391	202.00931028731148
CP00002	H2	43.97366971225046	266.8746851502097
CP00002	H3	36.72896550678391	166.4597152325803
CP00002	H4	50.71292943826585	368.4690255198918
CP00002	H5	287.9348717940078	210.09642195852996
CP00002	H6	21.73411261639965	294.6741315200232
CP00002	H7	70.76222712316165	259.6299809447431
CP00002	H8	3246.975335994218	22773.643429137526
CP00002	H9	61.15878201358972	251.03742479407347
CP00003	A10	177.68974895992267	347.08730963504894
CP00003	A11	421.7170041982165	577.4916841197487
CP00003	A12	355.37949791984533	355.37949791984533
CP00003	A2	0.5922991631997422	0.5922991631997422
CP00003	A3	0.5922991631997422	NA
CP00003	A4	NA	0.5922991631997422
CP00003	A5	4.146094142398195	3.5537949791984533
CP00003	A6	967.2245335051791	602.9605481373377
CP00003	A7	140.37490167833892	203.15861297751158
CP00003	A8	1022.3083556827552	395.6558410174278
CP00003	A9	299.11107741586983	396.8404393438273
CP00003	B1	267.71922176628345	397.43273850702707
CP00003	B10	15468.484946124468	85312.40227063808
CP00003	B11	558.538110897357	331.0952322286559
CP00003	B12	710.1666966764909	764.0659205276676
CP00003	B2	681.1440376797036	439.48597909420874
CP00003	B3	414.0171150766198	543.1383326541636
CP00003	B4	735.6355606940798	1002.1701841339639
CP00003	B5	310.9570606798647	492.79290378218553
CP00003	B6	790.7193828716559	520.6309644525734
CP00003	B7	470.87783474379506	603.5528473005373
CP00003	B8	165.84376569592783	405.1326276286237
CP00003	B9	540.176836838165	652.1213786829162
CP00003	C1	4.7383933055979375	8.29218828479639
CP00003	C10	171.1744581647255	299.11107741586983
CP00003	C11	189.5357322239175	313.32625733266366
CP00003	C12	182.4281422655206	439.48597909420874
CP00003	C2	170.58215900152578	216.78149373110566
CP00003	C3	912.7330104908028	1134.2528975275063
CP00003	C4	507.6003828621791	788.350186218857
CP00003	C5	272.45761507188143	508.1926820253789
CP00003	C6	442.44747491020746	523.0001611053724
CP00003	C7	49203.47608532899	1030.6005439675516
CP00003	C8	262.3885292974858	388.54825105903086
CP00003	C9	12486.258659413767	69320.91716340823
CP00003	D1	675.8133452109059	817.965144378844
CP00003	D10	629.614010481326	400.9865334862255
CP00003	D11	1114.1147259787151	344.71811298225
CP00003	D12	432.3783891358118	379.66376361103477
CP00003	D2	346.4950104718492	453.1088598478028
CP00003	D3	53160.62679466647	975.5167217899755
CP00003	D4	367.8177803470399	293.1880857838724
CP00003	D5	278.38060670387887	322.2107447806598
CP00003	D6	2193.2838013286455	921.6174979387989
CP00003	D7	1128.9222050587086	716.6819874716881
CP00003	D8	28339.145762454868	777.6888012812615
CP00003	D9	14492.375925171293	86053.36852380095
CP00003	E1	843.434008396433	679.9594393533041
CP00003	E10	299.7033765790696	591.7068640365425
CP00003	E11	291.4111882942732	454.29345817420227
CP00003	E12	10574.9092597682	56987.4716881
CP00003	E2	258.83473431828736	370.18697699983886
CP00003	E3	18740.345523639844	100868.5474929161
CP00003	E4	159.92077406393042	293.78038494707215
CP00003	E5	713.7204916556894	400.9865334862255
CP00003	E6	3134.4471716530356	308.5878640270657
CP00003	E7	592.891462362942	727.9356715724832
CP00003	E8	165.84376569592783	369.59467783663916
CP00003	E9	612.4373347485334	919.8406004491997
CP00003	F1	9263.558912443968	835.7341192748363
CP00003	F10	12559.111456487333	342.94121549265077
CP00003	F11	716.6819874716881	480.9469205181907
CP00003	F12	9390.903232531913	355.37949791984533
CP00003	F2	2533.2635210052977	386.1790544062319
CP00003	F3	614.8065314013324	287.26509415187496
CP00003	F4	377.88686612143556	614.2142322381327
CP00003	F5	383.809857753433	389.1405502222306
CP00003	F6	1047.184920537144	681.1440376797036
CP00003	F7	5248.362885112916	277.7883075406791
CP00003	F8	226.25828034230153	442.44747491020746
CP00003	F9	529.5154519005695	292.00348745747294
CP00003	G1	210.2662029359085	276.0114100510799
CP00003	G12	NA	0.5922991631997422
CP00003	G2	172.95135565432471	320.43384729106054
CP00003	G3	435.9321841150103	687.6593284749007
CP00003	G4	671.6672510685077	723.1972782668853
CP00003	G5	207.30470711990978	316.88005231186213
CP00003	G6	12631.371954397702	79905.30320978763
CP00003	G7	14654.665895888022	89597.094417225
CP00003	G8	14643.412211787227	81845.08296926678
CP00003	G9	314.5108556590631	498.71589541418297
CP00003	H1	NA	0.5922991631997422
CP00003	H2	NA	0.5922991631997422
CP00003	H3	0.5922991631997422	1.1845983263994844
CP00003	H5	NA	0.5922991631997422
CP00003	H7	0.5922991631997422	NA
CP00003	H8	NA	0.5922991631997422
CP00003	H9	0.5922991631997422	1.1845983263994844
CP00005	A1	827.4723226510031	840.1531196169514
CP00005	A10	227.2479329294533	405.98678540186654
CP00005	A11	427.9265769778722	606.0615819757165
CP00005	A12	178.33628748936724	301.1186073183899
CP00005	A2	266.90058375948195	672.0822391952565
CP00005	A3	3231.5904014015705	382.63801638519993
CP00005	A4	110.90665282916632	353.6533376058897
CP00005	A5	348.822557809338	768.8991176178137
CP00005	A6	68.63732960933886	270.92623358994166
CP00005	A7	49.716775406178	178.9401349639362
CP00005	A8	2648.2737409679517	336.9468908094817
CP00005	A9	771.1132250245665	365.73028709726896
CP00005	B1	346.00460292801614	686.3732960933886
CP00005	B10	359.6918123515793	677.5168664663771
CP00005	B11	122.78231982902261	282.399335606752
CP00005	B12	62.397572372126234	329.9020036061771
CP00005	B2	408.8047402831883	761.6529479229861
CP00005	B3	47.10010301637916	332.51867599597597
CP00005	B4	8011.84829258101	45681.86658110819
CP00005	B5	381.229038944539	500.1869914346248
CP00005	B6	743.7388061774402	682.146363771406
CP00005	B7	51.32703533836191	184.1734797435339
CP00005	B8	8463.526203558595	57366.919061492204
CP00005	B9	1264.8591767304556	652.9604025005726
CP00005	C1	43.87958315201136	291.45704772528643
CP00005	C10	44.080865643534345	304.94297465732666
CP00005	C11	103.05663565976978	389.28033860545855
CP00005	C12	63.0014198466952	487.9087594517226
CP00005	C2	137.47594171020071	203.8991639127867
CP00005	C3	7362.913539910896	44716.51575176394
CP00005	C4	324.6686588265794	600.6269547045958
CP00005	C5	248.382594539367	508.6408560785904
CP00005	C6	87.15531882945375	315.812229199568
CP00005	C7	65.01424476192508	577.4794681794523
CP00005	C8	567.4153436033027	458.92408067241234
CP00005	C9	36.230848474137815	237.91590498017166
CP00005	D1	354.45846757198166	584.1217903997108
CP00005	D10	332.9212409790219	364.12002716508505
CP00005	D11	4097.91024491651	25606.55472407995
CP00005	D12	6036.864485757452	39634.132840808496
CP00005	D2	313.19555680976913	669.6668492969807
CP00005	D3	269.9198211323267	447.24969616407907
CP00005	D4	858.4698263455433	368.3469594870678
CP00005	D5	166.86318547255695	361.9059197583322
CP00005	D6	134.05413935430994	502.6023813329007
CP00005	D7	196.85427670948215	350.4328177415219
CP00005	D8	6800.530258595668	42692.419017008775
CP00005	D9	159.6170157777294	271.12751608146465
CP00005	E1	14.492339389655127	13.083361948994211
CP00005	E10	117.14641006637895	388.8777736224126
CP00005	E11	45.28856059267227	308.5660595047404
CP00005	E12	134.05413935430994	373.9828692497115
CP00005	E2	230.26717030229813	407.9996103170964
CP00005	E3	65.81937472801704	330.1032860977001
CP00005	E4	353.8546200974127	849.0095492439629
CP00005	E5	258.8492840985624	470.79974767226867
CP00005	E6	83.73351647356296	383.6444288428149
CP00005	E7	81.3181265752871	332.9212409790219
CP00005	E8	58.573205033189474	423.4983621643665
CP00005	E9	44.080865643534345	423.6996446558895
CP00005	F1	11931.220967516629	553.9294166712626
CP00005	F10	182.76450230287298	650.1424476192508
CP00005	F11	549.9037668408029	528.5678227393662
CP00005	F12	75.68221681264343	274.95188342040143
CP00005	F2	145.72852386264321	319.2340315554588
CP00005	F3	99.03098582931004	270.32238611537275
CP00005	F4	334.53150091120585	323.0583988943955
CP00005	F5	278.7762507593382	641.2860179922393
CP00005	F6	116.74384508333296	317.42248913175183
CP00005	F7	5533.859539441506	31778.479761649327
CP00005	F8	117.95154003247089	340.3686931653725
CP00005	F9	609.6846668231302	305.7481046234186
CP00005	G1	4826.552864229727	31293.1876745874
CP00005	G10	4633.522954859181	26719.64690220207
CP00005	G11	4811.054112382456	28948.850495819162
CP00005	G12	97.62200838864912	269.1146911662348
CP00005	G2	5229.117847275702	37172.24668699083
CP00005	G3	6176.755817365928	38816.12079525907
CP00005	G4	5292.723114596965	34272.77239660219
CP00005	G5	5605.314823932166	33306.61643729184
CP00005	G6	157.20162587945353	343.99177801278626
CP00005	G7	9114.071216160892	339.5635631992805
CP00005	G8	5562.642935729293	36974.78856280678
CP00005	G9	5139.949703531019	31746.878410480218
CP00005	H1	1033.1830289874968	228.8581928616372
CP00005	H10	97.42072589712613	247.98002955632106
CP00005	H11	65.01424476192508	256.43389420028655
CP00005	H12	284.6134430135049	267.70571372557384
CP00005	H2	4906.059448381306	25831.78983209417
CP00005	H3	3317.336742790363	18900.425954008562
CP00005	H4	5330.966787986334	34122.213092943
CP00005	H5	6031.429858486331	40689.255661372
CP00005	H6	277.16599082715425	559.1627614508602
CP00005	H7	4816.891304636622	31518.82534758467
CP00005	H8	4632.919107384611	32543.151946945152
CP00005	H9	4218.47845733878	27706.333675647755
CP00006	A1	197.87829644358968	279.37257554519675
CP00006	A10	146.6897023828927	238.11609675000815
CP00006	A11	7311.564853147309	48502.08421618803
CP00006	A12	122.75075789679565	248.04821201551653
CP00006	A2	339.72927600482444	111.7999641425172
CP00006	A3	122.2414186524106	129.62683769599374
CP00006	A4	280.39125403396685	266.12975519118555
CP00006	A5	97.53846529973596	252.63226521498189
CP00006	A6	146.94437200508526	189.47419891123644
CP00006	A7	92.190403233693	208.06508133129054
CP00006	A8	170.8833164911823	289.3046908107051
CP00006	A9	88.62502852299768	164.7712455585618
CP00006	B1	887.2689637187469	852.633895100564
CP00006	B10	38644.33248035988	1089.4766437396095
CP00006	B11	521.3087166280927	558.2358118460085
CP00006	B12	6527.946425660919	327.5051341395834
CP00006	B2	31077.33399615347	919.1026664928122
CP00006	B3	847.0311634123284	649.4075365909314
CP00006	B4	11698.249095413503	77069.394416012
CP00006	B5	202.7170192652476	323.4304201845031
CP00006	B6	379.2030674446654	304.3301985200639
CP00006	B7	9712.590051178408	62917.65818039574
CP00006	B8	168.84595951364213	373.09099651204485
CP00006	B9	666.9797405222154	254.9242918147146
CP00006	C1	11306.821886103595	73097.05764905304
CP00006	C10	20940.20968478013	803.4826580174072
CP00006	C11	159.93252273690388	307.8955732307592
CP00006	C12	751.5300550901327	816.2161391270333
CP00006	C2	196.60494833262703	222.83591941845683
CP00006	C3	923.4320500700851	381.7497636665906
CP00006	C4	159.1685138703263	352.208087492258
CP00006	C5	155.09379991524594	339.98394562701696
CP00006	C6	1222.414186524106	645.842161880236
CP00006	C7	172.41133422433745	289.3046908107051
CP00006	C8	106.1972324542817	225.89195488476707
CP00006	C9	1251.191853831861	197.62362682139712
CP00006	D1	215.7051699970662	397.7939498647195
CP00006	D10	435.23038432702026	453.56659712488187
CP00006	D11	1296.7777162043224	573.2613195553672
CP00006	D12	193.2942432441243	372.83632688985233
CP00006	D2	1518.3402875118165	654.5009290347817
CP00006	D3	3523.863562277928	305.0942073866415
CP00006	D4	168.0819506470646	322.66641131792545
CP00006	D5	193.8035824885093	250.84957785963425
CP00006	D6	4097.63422107768	520.2900381393226
CP00006	D7	630.8166541708772	619.1018515500211
CP00006	D8	145.1616846497376	266.3844248133781
CP00006	D9	262.5643804804903	251.35891710401927
CP00006	E1	125.5521237409134	191.5115558887766
CP00006	E10	219.2705447077615	277.58988818984903
CP00006	E11	524.1100824722105	235.82407015027545
CP00006	E12	86.33300192326499	209.0837598200606
CP00006	E2	133.4468820288816	229.96666883984744
CP00006	E3	10934.494898458128	64232.51743977573
CP00006	E4	582.4294259542979	390.91787006552136
CP00006	E5	189.47419891123644	197.62362682139712
CP00006	E6	158.40450500374874	344.8226684486749
CP00006	E7	12817.267415327444	85006.93720050853
CP00006	E8	4554.511523291065	364.6868989796916
CP00006	E9	267.40310330214817	475.2135150112462
CP00006	F1	18.845552042246634	14.006829220588715
CP00006	F10	790.4945072855885	766.3008931772989
CP00006	F11	701.6148091403984	759.4248133781008
CP00006	F12	284.72063761123974	351.44407862568045
CP00006	F2	102.37718812139389	200.17032304332236
CP00006	F3	759.6794830002934	432.17434886071
CP00006	F4	27176.8140626528	686.334631808847
CP00006	F5	163.49789744759917	300.000814942791
CP00006	F6	9569.211053884019	64116.13342243375
CP00006	F7	184.6354760895785	263.32838934706785
CP00006	F8	1595.5051830361508	715.621638360987
CP00006	F9	139.8136225836946	256.4523095478698
CP00006	G1	900.7664536949507	910.1892297160739
CP00006	G10	986.335446751638	323.17575056231055
CP00006	G11	476.48686312220883	281.15526290054436
CP00006	G12	3222.5893992241745	22080.36558333605
CP00006	G2	407.21672588584283	433.4476969716726
CP00006	G3	1453.6542034749161	1184.9777520618052
CP00006	G4	484.89096065456204	509.33924438504414
CP00006	G5	8095.947289500277	51571.61717247449
CP00006	G6	365.7055774684617	240.40812334974086
CP00006	G7	4051.0296802164485	25065.857564298985
CP00006	G8	758.1514652671383	738.541904358314
CP00006	G9	594.144228575154	257.72565765883235
CP00006	H1	7336.013136877791	48306.24327672198
CP00006	H10	337.18257978289927	246.01085503797637
CP00006	H11	439.5597679042931	542.4462952700721
CP00006	H12	70.54348534732861	140.83230107246473
CP00006	H2	6010.203083743521	37967.42062457215
CP00006	H3	46.60454086123154	90.91705512273037
CP00006	H4	98.047804544120993	225.38261564038203
CP00006	H5	294.652752876748	322.411741695733
CP00006	H6	618.3378426834436	646.0968315024285
CP00006	H7	35292.880252306284	942.2776021123317
CP00006	H8	183.87146722300096	274.5338527235388
CP00006	H9	657.8116341232846	754.0767513120579
CP00007	A1	2319.909512925042	488.9601055682541
CP00007	A10	114.28706081956783	107.21775808846054
CP00007	A11	227.39590451728446	150.8117915969555
CP00007	A12	491.31653981195655	164.9503970591701
CP00007	A2	1425.6427174399698	249.7820298324575
CP00007	A3	309.87110304686945	140.20783750029457
CP00007	A4	2685.156820698918	324.0097085090841
CP00007	A5	862.4549331950891	282.7721092442915
CP00007	A6	199.1186935928553	97.79202111365083
CP00007	A7	25.920776680726725	21.207908193321867
CP00007	A8	750.5243066192237	188.51473949619435
CP00007	A9	17584.89054362938	86827.53257770343
CP00007	B1	1814.4543676508708	355.8215707990668
CP00007	B10	53361.453448641514	351.108702311662
CP00007	B11	278.0592407568867	71.8712444329241
CP00007	B12	533.7323561986003	106.03954096660932
CP00007	B2	139.02962037844335	90.72271838254353
CP00007	B3	3628.9087353017417	128.42566628178238
CP00007	B4	302.8018003157622	181.44543676508707
CP00007	B5	331.07901124019133	166.12861418102128
CP00007	B6	143922.75608549142	1118.1280486368028
CP00007	B7	89.54450126069231	91.90093550439475
CP00007	B8	267.4552866602258	154.34644296250912
CP00007	B9	54626.85863750972	82293.75309281994
CP00007	C1	347.57405094610834	81.29698140773382
CP00007	C10	263.92063529467214	176.73256827768222
CP00007	C11	2118.4343850884843	415.9106440134788
CP00007	C12	1244.1972806748827	279.2374578787379
CP00007	C2	102.50488960105568	93.07915262624596
CP00007	C3	77662.18158682283	312.2275372905719
CP00007	C4	353.46513655536444	168.48504842472371
CP00007	C5	341.6829653368523	164.9503970591701
CP00007	C6	143.7424888658482	121.35636355067511
CP00007	C7	227.39590451728446	116.64349506327027
CP00007	C8	129.6038834036336	110.75240945401418
CP00007	C9	24739.024907509953	116885.02957324976
CP00007	D1	237.99985861394538	192.049390861748
CP00007	D10	400.593821429413	111.9306265758654
CP00007	D11	1838.018710087895	101.32667247920448
CP00007	D12	672.7619765770437	128.42566628178238
CP00007	D2	579.6828239507977	253.31668119801114
CP00007	D3	113680.27900181446	420.62351250088363
CP00007	D4	324.0097085090841	146.09892310955064
CP00007	D5	157.88109432806277	146.09892310955064
CP00007	D6	166.12861418102128	146.09892310955064
CP00007	D7	778.801517543653	117.82171218512147
CP00007	D8	226.21768739543325	187.33652237434313
CP00007	D9	295.7324975846549	113.10884369771662
CP00007	E1	95.4355868699484	68.33659306737046
CP00007	E10	976.7419940146569	282.7721092442915
CP00007	E11	300.44536607205976	121.35636355067511
CP00007	E12	690.4352334048118	192.049390861748
CP00007	E2	1417.3951975870114	626.8115088248462
CP00007	E3	180.26721964323585	142.56427174399698
CP00007	E4	202.65334495840895	122.53458067252633
CP00007	E5	167.3068313028725	103.6831067229069
CP00007	E6	221.50481890802837	184.9800881306407
CP00007	E7	7767.985484365059	172.01969979027734
CP00007	E8	712.8213587199849	294.55428046280366
CP00007	E9	1096.920140443481	296.9107147065061
CP00007	F1	2093.6918255296086	368.78195913943017
CP00007	F10	3309.6118952800625	503.0987110304687
CP00007	F11	2083.0878714329474	443.00963781605674
CP00007	F12	1796.7811108231026	339.32653109314987
CP00007	F2	340.5047482150011	133.1385347691873
CP00007	F3	1460.9892310955063	103.6831067229069
CP00007	F4	246.24737846690388	163.77217993731887
CP00007	F5	197.94047647100408	147.27714023140183
CP00007	F6	321.65327426538164	173.19791691212856
CP00007	F7	205.00977920211136	115.46527794141905
CP00007	F8	118.99992930697269	106.03954096660932
CP00007	F9	201.47512783655773	137.85140325659214
CP00007	G1	50.66333623960224	14.138605462214578
CP00007	G10	16279.425972618232	212.07908193321865
CP00007	G11	519.5937507363857	127.24744915993118
CP00007	G12	76110.46963734478	353.46513655536444
CP00007	G2	2138.464076159955	735.207484035158
CP00007	G3	162.59396281546765	133.1385347691873
CP00007	G4	102.50488960105568	103.6831067229069
CP00007	G5	9965.360416617576	144.92070598769942
CP00007	G6	279.2374578787379	121.35636355067511
CP00007	G7	3713.740368075029	226.21768739543325
CP00007	G8	322.83149138723286	86.00984989513867
CP00007	G9	301.623583193911	164.9503970591701
CP00007	H1	696.326319014068	268.63350378207696
CP00007	H10	1340.8110846666825	399.4156043075618
CP00007	H11	111.9306265758654	97.79202111365083
CP00007	H12	219.14838466432596	106.03954096660932
CP00007	H2	7719.678582369159	94.25736974809718
CP00007	H3	5171.194947804982	87.18806701698989
CP00007	H4	950.8212173339302	354.64335367721566
CP00007	H5	28205.33967999623	354.64335367721566
CP00007	H6	655.0887197492755	267.4552866602258
CP00007	H7	80.11876428588259	74.22767867662652
CP00007	H8	74.22767867662652	84.83163277328747
CP00007	H9	100.14845535735326	100.14845535735326
CP00008	A1	12865.435441420896	65849.03246808716
CP00008	A10	279.2122051007013	279.6371856259687
CP00008	A11	7525.555141435643	41563.52035167989
CP00008	A12	704.1927303681308	583.4982611921808
CP00008	A2	9384.844939480648	46755.50742887207
CP00008	A3	10349.550731837713	55693.272855771385
CP00008	A4	10500.843798832919	58957.12328982524
CP00008	A5	10396.723570142398	52715.434315222505
CP00008	A6	1263.8920821453357	588.59802749539
CP00008	A7	398.2067521755815	388.8571806196981
CP00008	A8	712.267360348212	470.4534414710446
CP00008	A9	189.96629479454103	238.83905520029543
CP00008	B1	27035.136114887533	922.2077398303223
CP00008	B10	247.33866570564405	305.1360171420145
CP00008	B11	164.46746327849527	226.51461996754
CP00008	B12	7038.9524400044365	35971.20161968577
CP00008	B2	804.4881343312443	759.8651791781641
CP00008	B3	554.5995854739957	587.3230859195877
CP00008	B4	323.83516025378134	433.90511629804564
CP00008	B5	1160.6218145053501	866.1103104950215
CP00008	B6	906.9084409206948	722.0419124293629
CP00008	B7	127.06917705496146	202.2907300272965
CP00008	B8	352.7338359719666	351.03391387089687
CP00008	B9	960.8809676296584	256.2632567362601
CP00008	C1	334.0346928601997	307.2609197683516
CP00008	C10	313.63562764736304	351.4588943961643
CP00008	C11	189.5413142692736	290.2616987576544
CP00008	C12	314.91056922316534	405.8564016303953
CP00008	C2	118.56956654961287	202.2907300272965
CP00008	C3	540.150247614903	390.98208324603524
CP00008	C4	1087.9501446846198	638.3207489516793
CP00008	C5	291.1116598081893	396.0818495492444
CP00008	C6	20470.03696055628	903.5085967185554
CP00008	C7	725.8667371567698	420.7307200147553
CP00008	C8	8594.38116248323	48118.41997340472
CP00008	C9	295.36146506086357	240.9639578266326
CP00008	D1	398.2067521755815	326.81002393065336
CP00008	D10	11030.794513841403	531.225656584287
CP00008	D11	45583.4111401845	977.4552081150882
CP00008	D12	439.4298631265222	418.6058173884182
CP00008	D2	624.7213721431215	495.5272924618229
CP00008	D3	248.1886267561789	349.75897229509457
CP00008	D4	1271.1167510748821	758.5902376023619
CP00008	D5	277.0873024743641	277.5122829996315
CP00008	D6	659.9947557403182	574.9986506868323
CP00008	D7	879.2847067783119	366.3332127805243
CP00008	D8	306.41095871781675	360.3834854267803
CP00008	D9	264.3378867163412	274.96239984802696
CP00008	E1	31648.299716665482	819.3624527156043
CP00008	E10	28868.07712036596	965.1307728823327
CP00008	E11	898.8338109406136	682.5187235794921
CP00008	E12	223.11477576540054	250.7385099077835
CP00008	E2	2161.8759320354143	958.3310844780538
CP00008	E3	1505.7060010225032	618.7716447893775
CP00008	E4	253.71337358465547	381.20753116488436
CP00008	E5	4934.873859405393	246.48870465510916
CP00008	E6	59291.582963210705	1531.6298130638165
CP00008	E7	235.86419152342344	358.2585828004432
CP00008	E8	231.18940574548174	375.6827843364078
CP00008	E9	6814.562722663233	456.4290841372194
CP00008	F1	260.0880814636669	318.7353939505722
CP00008	F10	348.05905019402485	354.00877754776883
CP00008	F11	303.8610755662122	314.0606081726305
CP00008	F12	282.18706877757324	248.1886267561789
CP00008	F2	214.19018473478454	255.41329568572522
CP00008	F3	210.36536000737766	284.31197140391043
CP00008	F4	325.11010182958364	402.45655742825585
CP00008	F5	932.4072724367406	786.2139717447448
CP00008	F6	269.8626335448178	362.50838805311747
CP00008	F7	913.2831487997063	424.98052526742964
CP00008	F8	436.45499944965024	371.00799855846606
CP00008	F9	228.2145420686097	276.6623219490967
CP00008	G1	486.1777209059395	333.6097123349323
CP00008	G10	539.3002865643682	524.4259681800082
CP00008	G11	300.88621188934013	359.5335243762455
CP00008	G12	8425.66389395206	404.581460054593
CP00008	G2	13.174396283290317	29.748636768720072
CP00008	G3	11621.092463437863	62100.70423522842
CP00008	G4	473.4283051479166	443.2546878539291
CP00008	G5	161.06761907635584	253.71337358465547
CP00008	G6	257.96317883732974	238.83905520029543
CP00008	G7	845.2862647569176	693.1432367111777
CP00008	G8	1473.4074811021785	257.96317883732974
CP00008	G9	350.183952820362	299.6112703135379
CP00008	H1	21.674006788638913	15.299298909627469
CP00008	H10	607.7221511324244	489.15258458281147
CP00008	H11	558.8493907266699	294.93648453559615
CP00008	H12	4480.994658419778	23985.47586556846
CP00008	H2	1151.2722429494668	555.024565999263
CP00008	H3	781.1142054415355	591.5728911722621
CP00008	H4	710.142457721875	670.619268872004
CP00008	H5	6916.983029252684	32202.89930213948
CP00008	H6	717.7921071766887	468.75351936997487
CP00008	H7	312.36068607156074	139.3936122877169
CP00008	H8	1657.4240485429755	273.6874582722247
CP00008	H9	8372.541328293632	45730.45440192703
CP00009	A1	476.2171396449808	427.9092338366139
CP00009	A10	481.98115113347916	674.1148674167566
CP00009	A11	526.9953360912756	459.4740586545809
CP00009	A12	6382.407578192933	45180.51786075027
CP00009	A2	37.87778978156043	43.09284779496368
CP00009	A3	78.50034693859625	323.0591200934538
CP00009	A4	164.68604252852364	367.5243515761552
CP00009	A5	403.4808041948829	609.6128340930849
CP00009	A6	304.9436554153162	363.40720051294215
CP00009	A7	745.7532959166645	385.3653395167453
CP00009	A8	1061.4015440963349	1333.9569444810413
CP00009	A9	4988.34022818898	532.7593475797739
CP00009	B1	138.33627572395983	213.81737854953317
CP00009	B10	198.7211579844185	372.4649328520109
CP00009	B11	77.95139346350119	190.48685585799234
CP00009	B12	7556.0701079462115	49748.634203753965
CP00009	B2	443.00545440172857	629.1006824589603
CP00009	B3	504.76272034992485	803.1189340641001
CP00009	B4	300.2775508770081	352.15365427349303
CP00009	B5	959.2961977286501	655.9994027386191
CP00009	B6	509.42882488823307	897.2644550429062
CP00009	B7	6519.645946966703	45716.57092918061
CP00009	B8	419.40045497264015	498.99870886142656
CP00009	B9	7870.345972438145	45664.96930252168
CP00009	C1	66.148893748957	209.97470422386763
CP00009	C10	570.0881838862393	570.0881838862393
CP00009	C11	82.06854452671428	314.27586449193257
CP00009	C12	173.19482139249735	414.734350434332
CP00009	C2	6032.44973781982	40651.37721447832
CP00009	C3	167.15633316645147	393.05068816807636
CP00009	C4	99.36057899220926	462.4933027676039
CP00009	C5	92.49866055352076	383.44400235391254
CP00009	C6	391.6783044803387	271.45749343451644
CP00009	C7	351.8791775359455	623.885624445557
CP00009	C8	270.6340632218738	357.9176657619914
CP00009	C9	333.21475938271277	497.3518484361414
CP00009	D1	245.6566801050477	513.8204526889937
CP00009	D10	137.78732224886477	264.87005173337553
CP00009	D11	6587.716177878493	45137.9739664304
CP00009	D12	683.9960299684681	859.3866652613458
CP00009	D2	452.88661695343995	660.3910305393797
CP00009	D3	160.56889146531054	352.7026077485881
CP00009	D4	411.44062958376156	404.578711145073
CP00009	D5	216.01319244991348	304.9436554153162
CP00009	D6	14256.596224956742	560.4814980720754
CP00009	D7	1277.1402598087009	887.3832924911949
CP00009	D8	415.28330390942705	660.9399840144747
CP00009	D9	35113.53455771916	1217.0298542857895
CP00009	E1	9387.378900863394	66278.72124581698
CP00009	E10	203.93621599782176	438.0648731258728
CP00009	E11	82.89197473935688	303.5712717275785
CP00009	E12	270.08510974677876	209.151274011225
CP00009	E2	9498.2675028326	71131.46996565747
CP00009	E3	375.20970022748634	322.2356898808112
CP00009	E4	126.80825274696318	377.95446760296176
CP00009	E5	6061.544271999859	42805.74512748895
CP00009	E6	2497.4638349450606	1664.7014132258264
CP00009	E7	249.49935443071328	576.6756255873802
CP00009	E8	9852.342494268925	71769.0794269804
CP00009	E9	633.4923102597209	576.9501023249277
CP00009	F1	254.98888918166406	489.9409765223578
CP00009	F10	11672.123264209113	66126.11217974054
CP00009	F11	262.9487145705427	249.77383116826084
CP00009	F12	1603.493100752725	511.62463878861337
CP00009	F2	69.99156807462253	257.4591798195919
CP00009	F3	243.46086620466744	420.7728386603779
CP00009	F4	42201.89630488437	1266.7101437818942
CP00009	F5	243.18638946711988	433.94772206265975
CP00009	F6	592.869753102685	346.9385962600898
CP00009	F7	10097.999174373974	68635.37851440014
CP00009	F8	242.91191272957235	337.3319104459259
CP00009	F9	91.40075360333061	311.25662037890964
CP00009	G1	457.00376801665305	660.1165538018322
CP00009	G10	152.33458933888434	401.8339437695976
CP00009	G11	1318.8607239159267	332.6658059076177
CP00009	G12	107.59488111863544	315.0992947045752
CP00009	G2	253.34202875637882	485.0003952465021
CP00009	G3	1103.9454384162034	654.3525423133339
CP00009	G4	349.40888689801767	452.3376634783449
CP00009	G5	9187.285359191237	57760.88464950419
CP00009	G6	38.975696731750595	69.44261459952746
CP00009	G7	662.5868444397601	569.2647536735966
CP00009	G8	201.4659253598939	429.2816175243516
CP00009	G9	409.79376915847627	556.3643470088623
CP00009	H1	146.84505458793356	273.1043538598017
CP00009	H10	499.27318559897407	564.5986491352885
CP00009	H11	109.5162182814682	236.59894776597892
CP00009	H12	262.1252843579001	173.19482139249735
CP00009	H2	709.5223665603892	842.0946307958508
CP00009	H3	639.5307984857667	292.0432487505819
CP00009	H4	233.85418039050353	422.14522234811557
CP00009	H5	1209.3445056344585	548.6789983575312
CP00009	H6	112.80993913203868	250.87173811845096
CP00009	H7	612.0831247310127	358.74109597463394
CP00009	H8	291.21981853793926	473.47237226950546
CP00009	H9	7592.026560564939	401.55946703205007
CP00010	A1	118.18524053434331	152.40876578560102
CP00010	A10	186.17597736684195	134.15621898493026
CP00010	A11	61.14603178224712	93.08798868342097
CP00010	A12	163.81660753602026	127.31151393467871
CP00010	A2	2643.425090407146	144.19511972529915
CP00010	A3	296.1475718408834	170.6613125862718
CP00010	A4	41963.06140841214	679.9073683249866
CP00010	A5	133.69990531491348	129.1367686147458
CP00010	A6	35832.48725173684	518.828642809067
CP00010	A7	131.41833696482965	205.79746517756305
CP00010	A8	116.35998585427623	141.0009240351818
CP00010	A9	9086.57411104393	214.0111112378649
CP00010	B1	381.47822813401933	400.64340227472366
CP00010	B10	15665.248291675698	256.4482825494245
CP00010	B11	156.51558881575193	171.57393992630534
CP00010	B12	231.80734436851893	123.20469090452778
CP00010	B2	11.864155420436008	9.58258707035216
CP00010	B3	144.65143339531593	169.29237157622148
CP00010	B4	511.5276240887987	453.5757879966689
CP00010	B5	96.73849804355514	143.2824923852656
CP00010	B6	128.22414127471225	188.00123204690902
CP00010	B7	8818.261673074072	47545.6028473973
CP00010	B8	42376.025279777314	645.6838430737289
CP00010	B9	380.109287123969	359.1188583031976
CP00010	C1	677.6257999749027	124.11731824456132
CP00010	C10	8984.359848960175	45854.048072645135
CP00010	C11	154.2340204656681	159.25347083585254
CP00010	C12	419.3522627454112	432.5853591758975
CP00010	C2	207.62271985763013	104.49583043384021
CP00010	C3	408.85704833502547	186.17597736684195
CP00010	C4	350.448898572879	304.3612179011853
CP00010	C5	10425.85473254315	55578.092380702496
CP00010	C6	440.3426915661826	198.04013278727797
CP00010	C7	11858.22334272579	58095.57489818501
CP00010	C8	174.7681356164227	196.67119177722765
CP00010	C9	602.3340444221358	297.5165128509337
CP00010	D1	285.19604376048096	153.7777067956513
CP00010	D10	145.1077470653327	135.52515999498056
CP00010	D11	116.35998585427623	136.4377873350141
CP00010	D12	255.53565520939097	156.05927514573517
CP00010	D2	604.6156127722196	323.5263920418896
CP00010	D3	529.3238572194527	549.8579723702073
CP00010	D4	470.4593937872894	386.4976785042038
CP00010	D5	128.680454944729	134.61253265494702
CP00010	D6	1661.8943862010747	155.14664780570163
CP00010	D7	131.8746506348464	157.42821615578546
CP00010	D8	237.28310840872015	161.99135285595318
CP00010	D9	15894.774067694132	468.1778254372055
CP00010	E1	5914.737790757366	158.79715716583578
CP00010	E10	439.8863778961658	159.25347083585254
CP00010	E11	121.37943622446069	135.52515999498056
CP00010	E12	235.91416739866983	110.88422181407499
CP00010	E2	164.7292348760538	189.37017305695935
CP00010	E3	7530.088182616731	196.2148781072109
CP00010	E4	13783.410716526541	69481.05727877343
CP00010	E5	6877.103320822734	143.7388060552824
CP00010	E6	614.6545135125886	398.8181475946565
CP00010	E7	194.84593709716057	199.40907379732826
CP00010	E8	118.18524053434331	171.11762625628856
CP00010	E9	671.6937222646847	203.05958315746244
CP00010	F1	126.85520026466195	199.86538746734504
CP00010	F10	46695.94679382608	685.3831323651879
CP00010	F11	83.96171528308558	141.91355137521532
CP00010	F12	6909.501591393924	39427.32634412895
CP00010	F2	255.9919688794077	109.97159447404145
CP00010	F3	256.4482825494245	294.7786308308331
CP00010	F4	1138.0462930218232	482.7798628777422
CP00010	F5	532.0617392395533	540.2753852998552
CP00010	F6	120.01049521441038	130.5057096247961
CP00010	F7	13823.110005818	60020.76227198577
CP00010	F8	101.30163474372283	144.65143339531593
CP00010	F9	1196.4544427839696	161.99135285595318
CP00010	G1	280.1765933902965	260.5551055795754
CP00010	G10	201.23432847739537	255.53565520939097
CP00010	G11	391.97344254440503	469.0904527772391
CP00010	G12	879.7727557923316	392.4297562144218
CP00010	G2	1034.9194035980333	410.68230301509254
CP00010	G3	124.11731824456132	159.70978450586932
CP00010	G4	1348.8632085695708	138.71935568509795
CP00010	G5	126.85520026466195	130.04939595477933
CP00010	G6	193.47699608711028	104.952144103857
CP00010	G7	8814.15485004392	46742.49078816779
CP00010	G8	4558.5735634675275	128.22414127471225
CP00010	G9	394.7113245645057	495.10033196819495
CP00010	H1	48.36924902177757	84.87434262311913
CP00010	H10	36158.751525798834	518.828642809067
CP00010	H11	58.86446343216327	118.18524053434331
CP00010	H12	3680.1697486852463	21030.12811006286
CP00010	H2	6336.371621852862	37420.91513706522
CP00010	H3	236.82679473870337	230.8947170284854
CP00010	H4	82.1364606030185	148.75825642546684
CP00010	H5	7076.968708290079	200.77801480737858
CP00010	H6	299.79808120101757	267.39981062982696
CP00010	H7	572.6736558710458	215.83636591793197
CP00010	H8	7549.253356757435	45718.52291265015
CP00010	H9	7729.040942744042	41958.954585381995
CP00011	A1	278.73350463829973	283.6567866495741
CP00011	A10	120.43105227578711	178.37429440847714
CP00011	A11	6245.372588301903	41636.57468334775
CP00011	A12	279.112218639167	285.1716426530431
CP00011	A2	482.1029231040157	232.53039653249462
CP00011	A3	747.2027237110943	234.04525253596364
CP00011	A4	796.8142578247047	792.2696898142975
CP00011	A5	152.6217423495038	224.198688513415
CP00011	A6	469.6053610753963	184.81243242322046
CP00011	A7	144.66874833129145	230.2581125272911
CP00011	A8	208.29270047699026	310.16676671028193
CP00011	A9	10466.14012796746	70143.13495662778
CP00011	B1	270.40179661922014	281.0057886435033
CP00011	B10	245.02795856111405	216.24569449520263
CP00011	B11	160.1960223668489	143.53260632868967
CP00011	B12	727.8883096668642	458.24394104937863
CP00011	B2	200.7184204596452	254.11709458192817
CP00011	B3	453.32065903810434	407.87497893403366
CP00011	B4	12820.983785360053	643.0563734725991
CP00011	B5	16471.029325718657	685.8510555705989
CP00011	B6	766.8958517561915	736.5987316868111
CP00011	B7	38039.54910311057	679.7916315567228
CP00011	B8	177.99558040760988	292.7459226703882
CP00011	B9	772.9552757700676	722.96502765559
CP00011	C1	209.80755648045928	246.9215285654503
CP00011	C10	604.4275453841391	583.59827533644
CP00011	C11	322.28561473803404	318.49847472936153
CP00011	C12	301.4563446903351	313.5751927180872
CP00011	C2	3.4084260078052955	4.923282011274316
CP00011	C3	245.4066725619813	347.2807387952729
CP00011	C4	815.7499578680673	918.0027381022263
CP00011	C5	2253.7270191610346	518.4594671872721
CP00011	C6	238.21110654550344	252.22352457759186
CP00011	C7	409.3898349375027	522.2466071959448
CP00011	C8	177.23815240587538	265.4785146079458
CP00011	C9	144.2900343304242	191.62928443883106
CP00011	D1	233.66653853509638	321.1494727354323
CP00011	D10	16180.934401054341	599.5042633728648
CP00011	D11	312.8177647163527	346.1445967926711
CP00011	D12	275.32507863049443	234.80268053769814
CP00011	D2	252.98095257932638	275.7037926313617
CP00011	D3	14614.573293467372	54102.70344989519
CP00011	D4	56893.06820828512	1433.053779281693
CP00011	D5	34327.39446660974	574.1304253147587
CP00011	D6	248.0576705680521	329.8598947553792
CP00011	D7	1650.4356157794975	643.0563734725991
CP00011	D8	241.24081855244148	363.56544083256483
CP00011	D9	192.76542644143282	246.9215285654503
CP00011	E1	46729.5205670106	780.5295557874127
CP00011	E10	226.09225851775128	353.71887681001624
CP00011	E11	755.9131457310411	373.79071885598074
CP00011	E12	16123.748586923386	547.999159254918
CP00011	E2	176.1020104032736	309.03062470768015
CP00011	E3	178.37429440847714	313.5751927180872
CP00011	E4	278.73350463829973	367.3525808412374
CP00011	E5	134.8221843087428	183.29757641975144
CP00011	E6	932.393870135182	793.027117816032
CP00011	E7	16823.99077452694	109950.89972978756
CP00011	E8	214.7308384917336	354.47630481175077
CP00011	E9	8752.459274043133	404.08783892536115
CP00011	F1	11133.055483494696	77070.19274649073
CP00011	F10	351.82530680567993	505.58319115778556
CP00011	F11	119.29491027318535	202.2332764631142
CP00011	F12	398.0284149114851	378.3352868663878
CP00011	F2	210.5649844821938	226.47097251861854
CP00011	F3	210.5649844821938	254.11709458192817
CP00011	F4	266.99337061141483	415.4492589513788
CP00011	F5	3171.729757263261	697.969903598351
CP00011	F6	12174.51898587965	79353.45945771942
CP00011	F7	246.16410056371578	327.2088967493084
CP00011	F8	302.97120069380406	284.7929286521758
CP00011	F9	1270.2067589087735	298.42663268339703
CP00011	G1	826.7326638932178	623.7419594283691
CP00011	G10	705.1654696148289	829.3836618992885
CP00011	G11	136.33704031221183	218.51797850040614
CP00011	G12	441.95923901208664	511.2639011707943
CP00011	G2	95.05721421768102	111.34191625497299
CP00011	G3	2968.7390527984126	732.0541636764041
CP00011	G4	692.6679075862095	743.0368697015545
CP00011	G5	236.31753654116716	257.1468065888662
CP00011	G6	471.1202170788653	232.53039653249462
CP00011	G7	266.99337061141483	316.226190724158
CP00011	G8	1434.9473492860293	186.32728842668948
CP00011	G9	238.21110654550344	320.0133307328305
CP00011	H1	20336.184418569865	363.1867268316976
CP00011	H10	163.98316237552146	214.35212449086634
CP00011	H11	382.5011408759276	312.0603367146182
CP00011	H12	486.6474911144228	302.5924866929368
CP00011	H2	506.34061915952	504.0683351543165
CP00011	H3	8838.806066240866	58816.556618689916
CP00011	H4	8440.398937328513	53134.710463678486
CP00011	H5	26814.844831405993	587.3854153451126
CP00011	H6	572.6155693112897	631.6949534465815
CP00011	H7	113.99291426104378	136.33704031221183
CP00011	H8	722.5863136547226	885.0546200267751
CP00011	H9	137.85189631568085	213.2159824882646
CP00012	A1	2720.584999779985	20528.595944524226
CP00012	A10	432.0293779977038	930.0632443006125
CP00012	A11	3549.8413892144663	25527.535872439326
CP00012	A12	559.2380281859167	1070.6728057507912
CP00012	A2	1.0000680046243144	1.0000680046243144
CP00012	A3	NA	0.2000136009248629
CP00012	A5	0.4000272018497258	2.000136009248629
CP00012	A6	0.4000272018497258	0.8000544036994516
CP00012	A7	1475.7003476236384	793.8539820707808
CP00012	A8	210.41430817295577	682.646419956557
CP00012	A9	390.2265354044075	734.4499425960965
CP00012	B1	229.41560026081774	438.62982682822434
CP00012	B10	720.8490177332059	1285.6874267450187
CP00012	B11	4486.705095946525	685.8466375713548
CP00012	B12	396.4269570330782	805.4547709244229
CP00012	B2	544.6370353184017	302.62057819931755
CP00012	B3	3331.826564206366	25324.322053899665
CP00012	B4	13875.343523359588	574.839089058056
CP00012	B5	40.00272018497258	96.20654204485905
CP00012	B6	929.4632034978379	1383.8941047991264
CP00012	B7	1015.4690518955289	873.0593680370265
CP00012	B8	947.2644139801507	1298.4882972042099
CP00012	B9	4264.689998919926	29964.637595356486
CP00012	C1	3456.4350375825557	479.2325878159715
CP00012	C10	1583.10765132029	1109.4754443302145
CP00012	C11	4381.897969061896	31987.175127908697
CP00012	C12	3854.4621034230327	27393.662769068298
CP00012	C2	2029.9380357864336	14395.578899365157
CP00012	C3	3903.0654084477746	29979.838629026774
CP00012	C4	1397.695043262942	1149.678178116112
CP00012	C5	4909.533848301685	34600.152810391104
CP00012	C6	4611.713596524564	33370.8692191069
CP00012	C7	445.2302756587448	917.8624146441958
CP00012	C8	1002.268154234488	1073.2729825628141
CP00012	C9	3217.2187708764195	23653.208418172435
CP00012	D1	258.41757239492284	543.4369537128525
CP00012	D10	1080.0734449942595	586.439877911698
CP00012	D11	13060.888140393547	571.838885044183
CP00012	D12	3257.421504662317	1234.4839449082538
CP00012	D2	13.200897661040951	14.801006468439855
CP00012	D3	2329.1583827700283	17513.190896980996
CP00012	D4	416.0282899237148	818.455654984539
CP00012	D5	554.6377153646448	583.8397010996748
CP00012	D6	1775.320721809083	12859.87447146406
CP00012	D7	5060.544116999956	1225.0833056647853
CP00012	D8	24555.069744742643	1571.7068760675727
CP00012	D9	4283.091250205014	30824.49606573247
CP00012	E1	1820.9238228199517	469.63193497157806
CP00012	E10	1710.7163287103522	951.064672397723
CP00012	E11	2856.9942756107416	20120.368185036583
CP00012	E12	3191.617029958037	21830.284459343235
CP00012	E2	2811.5911882007977	20734.809967077763
CP00012	E3	2257.3535000380025	16783.34126720617
CP00012	E4	320.8218158834801	637.6433597484629
CP00012	E5	3107.01127676682	22800.750451030668
CP00012	E6	5690.186932711425	43533.16025489733
CP00012	E7	502.43416552325556	1064.6723977230454
CP00012	E8	5006.140417548393	37294.13600124808
CP00012	E9	4666.917350379826	32811.03115011821
CP00012	F1	191.61302968601865	457.83113251701116
CP00012	F10	0.4000272018497258	0.8000544036994516
CP00012	F11	NA	0.4000272018497258
CP00012	F12	NA	0.8000544036994516
CP00012	F2	334.4227407463707	387.02631778960966
CP00012	F3	2553.1736158058748	18352.04793925987
CP00012	F4	287.2195309281031	660.2448966529724
CP00012	F5	3579.2433885504215	25239.316273506596
CP00012	F6	4535.108387370341	31085.113787737566
CP00012	F7	0.2000136009248629	0.4000272018497258
CP00012	F8	0.2000136009248629	0.4000272018497258
CP00012	F9	NA	1.0000680046243144
CP00012	G1	152.81039110659523	306.6208502178148
CP00012	G10	NA	1.0000680046243144
CP00012	G11	0.4000272018497258	0.2000136009248629
CP00012	G2	2208.750195013261	17173.967829812427
CP00012	G3	4582.911637991383	32693.82317997624
CP00012	G4	63.6043250941064	391.62663061088153
CP00012	G5	6805.46277146846	625.0425028901965
CP00012	G6	68.80467871815283	389.8265082025578
CP00012	G7	59.804066676534006	335.8228359528448
CP00012	G8	47.20320981826764	271.01842925318925
CP00012	G9	34.402339359076414	139.40947984462943
CP00012	H1	32.402203349827786	217.6147978062508
CP00012	H12	NA	0.4000272018497258
CP00012	H2	35.40240736370073	218.21483860902543
CP00012	H3	1654.5125068504658	12589.056055811796
CP00012	H4	50.00340023121573	252.01713716532723
CP00012	H5	46.60316901549306	262.21783081249527
CP00012	H6	45.00306020809415	251.0170691607029
CP00012	H7	364.22476728417536	713.8485417008357
CP00012	H8	3863.0626882628017	27446.86638691431
CP00012	H9	3679.6502162147026	27963.301504502306
CP00013	A1	1.3578425728183814	1.6294110873820578
CP00013	A10	7942.564345443841	335.6586840007039
CP00013	A11	284.33223474816907	233.27735401019794
CP00013	A12	1778.5022018775162	573.2811342439207
CP00013	A2	13.30685721362014	0.8147055436910289
CP00013	A4	427.7204104377902	335.1155469715766
CP00013	A5	13175.961189600446	94828.46646346101
CP00013	A6	14869.734014934096	103971.36364327629
CP00013	A7	1211.46714346856	504.57430005931053
CP00013	A8	1626.4238337218574	965.1545007593055
CP00013	A9	510.27723886514775	364.4449465444536
CP00013	B1	2208.123591917252	996.6564484486921
CP00013	B10	48785.3826617625	849.4663135551795
CP00013	B11	31291.4820905996	518.1527257874943
CP00013	B12	664.5281551373159	426.90570489409913
CP00013	B2	413.598847680479	249.2998963694548
CP00013	B3	2666.5312445007376	1046.8966236429721
CP00013	B4	579.5272100788852	484.20666146703485
CP00013	B5	20761.412938393056	888.3006111377852
CP00013	B6	1109.085813478054	267.49498684522115
CP00013	B7	52517.277188896536	874.4506168950377
CP00013	B8	534.9899736904423	286.7763513792422
CP00013	B9	243.05382053449028	181.40776772853576
CP00013	C1	469.54196168059633	273.46949416562205
CP00013	C10	22066.028082356952	455.69196743784886
CP00013	C11	61844.569390100565	795.6957476715716
CP00013	C12	1264.423003808477	790.8075144094254
CP00013	C2	30083.00220079124	693.5859861956293
CP00013	C3	2436.784281179868	886.6712000504032
CP00013	C4	1245.4132077890195	683.5379511567733
CP00013	C5	16543.953907219162	118032.36662183976
CP00013	C6	716.3977414189781	408.43904590376917
CP00013	C7	8931.345306970186	506.2037111466926
CP00013	C8	1293.752403381354	1020.8260462448592
CP00013	C9	732.420283778235	482.84881889421644
CP00013	D1	1148.4632480897872	768.8104647297675
CP00013	D10	769.8967387880224	467.3694135640869
CP00013	D11	409.7968884765875	304.15673631131745
CP00013	D12	898.0770776620776	474.43019494274245
CP00013	D2	13572.722789377978	99397.3351524803
CP00013	D3	367.7037687192177	347.60769864150564
CP00013	D4	1065.0917141187385	485.2929355252895
CP00013	D5	33749.17714740087	942.6143140505204
CP00013	D6	1531.3748536245705	858.4280745357809
CP00013	D7	22597.75923387263	636.2850296226936
CP00013	D8	907.5819756718063	601.7958282731067
CP00013	D9	41732.205201514706	983.0780227205083
CP00013	E1	546.124282787553	312.84692877735506
CP00013	E10	886.3996315358394	712.3242137005229
CP00013	E11	841.5908266328329	452.4331452630847
CP00013	E12	857.341800477526	593.105635807069
CP00013	E2	40.73527718455144	26.885282941803954
CP00013	E3	39781.528561403815	1066.4495566915568
CP00013	E4	798.683001331772	374.49298158330964
CP00013	E5	211.82344135966753	137.6852368837839
CP00013	E6	14322.795026602851	411.96943659309693
CP00013	E7	3147.750652307572	410.3400255057149
CP00013	E8	1394.232753769914	916.5437366524075
CP00013	E9	20536.554208334328	704.4487267781764
CP00013	F1	0.8147055436910289	0.2715685145636763
CP00013	F10	0.2715685145636763	0.5431370291273526
CP00013	F11	NA	0.2715685145636763
CP00013	F12	0.5431370291273526	0.8147055436910289
CP00013	F2	0.2715685145636763	NA
CP00013	F3	1.0862740582547052	0.2715685145636763
CP00013	F4	1.0862740582547052	NA
CP00013	F5	0.2715685145636763	0.2715685145636763
CP00013	F6	1.3578425728183814	1.6294110873820578
CP00013	F7	0.5431370291273526	0.8147055436910289
CP00013	F8	NA	0.8147055436910289
CP00013	F9	0.2715685145636763	NA
CP00013	G1	0.8147055436910289	NA
CP00013	G10	0.5431370291273526	1.0862740582547052
CP00013	G11	NA	0.2715685145636763
CP00013	G12	0.8147055436910289	NA
CP00013	G2	1.3578425728183814	0.2715685145636763
CP00013	G3	0.8147055436910289	1.900979601945734
CP00013	G4	NA	0.2715685145636763
CP00013	G5	1.6294110873820578	1.900979601945734
CP00013	G6	0.2715685145636763	0.8147055436910289
CP00013	G7	0.2715685145636763	1.3578425728183814
CP00013	G8	1.0862740582547052	0.2715685145636763
CP00013	G9	NA	0.2715685145636763
CP00013	H10	0.8147055436910289	NA
CP00013	H11	NA	0.2715685145636763
CP00013	H2	NA	0.8147055436910289
CP00013	H3	1.900979601945734	1.6294110873820578
CP00013	H4	NA	0.8147055436910289
CP00013	H5	0.5431370291273526	0.2715685145636763
CP00013	H6	0.5431370291273526	NA
CP00013	H7	0.5431370291273526	0.8147055436910289
CP00013	H8	NA	1.6294110873820578
CP00013	H9	NA	0.8147055436910289
CP00014	A1	8265.654697539405	65781.79375688339
CP00014	A10	99.41268505861348	329.8420878504097
CP00014	A11	922.1176622136984	962.7228434348223
CP00014	A12	4893.2243754303045	39190.00064408219
CP00014	A2	6772.86421747415	48708.415193778725
CP00014	A3	231.02947936156653	701.8895611079973
CP00014	A4	19405.87618980182	1418.5810109369957
CP00014	A5	749.2956101198513	1454.3855795999568
CP00014	A6	1913.6441809974954	1864.0378512298169
CP00014	A7	366.8468096529117	664.8848393054953
CP00014	A8	7470.353217070498	58464.26003958105
CP00014	A9	375.6479326762095	715.091245642944
CP00014	B1	1103.5408118075868	1735.4214397757155
CP00014	B10	1853.2364729739515	1336.9705974482345
CP00014	B11	644.8822869798187	1035.3321083770288
CP00014	B12	5158.858270315292	38617.527596521315
CP00014	B2	571.0728688980714	1010.328917969933
CP00014	B3	598.4763655842486	1441.5839461115238
CP00014	B4	915.1167688997116	975.3244513999986
CP00014	B5	6592.841246543059	53071.171881532086
CP00014	B6	880.7123788995475	1807.0305771016383
CP00014	B7	283.8362175013532	525.0669985490149
CP00014	B8	7374.540991430506	54295.328083863504
CP00014	B9	1907.8434408230491	1389.3772845415076
CP00014	C1	257.0327973849463	525.6670751187852
CP00014	C10	970.3238133185794	513.2654926768656
CP00014	C11	250.43195511747297	582.8743747702207
CP00014	C12	5809.941348516071	43356.3322679974
CP00014	C2	124.01582441919588	394.25030633908887
CP00014	C3	1318.5682493086117	2180.8782800685367
CP00014	C4	789.5007402944615	1496.5909650071349
CP00014	C5	7655.976902652778	59995.65544563487
CP00014	C6	328.8419602341259	555.6709036073003
CP00014	C7	488.6623533162832	1291.7648291922048
CP00014	C8	6776.2646513695145	53984.288395199226
CP00014	C9	750.295737736135	1399.1785351810893
CP00014	D1	540.2689383165292	973.7242472139445
CP00014	D10	454.4579888393759	435.455564129983
CP00014	D11	273.8349413385148	399.25094442050806
CP00014	D12	4691.598647987483	38048.65500837907
CP00014	D2	89.01135784926157	547.4698571537729
CP00014	D3	400.2510720367919	744.6950230849455
CP00014	D4	216.22759064056575	554.6707759910165
CP00014	D5	146.61870854721062	485.8619959906884
CP00014	D6	2918.572409839496	2448.512430186092
CP00014	D7	100.21278715164055	596.6761358749377
CP00014	D8	7946.013911375092	62401.76246489052
CP00014	D9	112.41434407030337	565.0721032003684
CP00014	E1	7055.100230789449	56252.177777884455
CP00014	E10	780.4995917479071	515.0657223861765
CP00014	E11	180.42302197760435	445.05678924630786
CP00014	E12	5356.883538339492	41610.30947548907
CP00014	E2	138.21763657042638	496.6633742465538
CP00014	E3	147.61883616349445	581.8742471539368
CP00014	E4	502.8641654675136	1056.734839365503
CP00014	E5	27655.72887100394	1527.7949466351906
CP00014	E6	158.82026546587343	610.6779225029114
CP00014	E7	484.0617662813775	1188.9517102382265
CP00014	E8	7830.39915893268	63441.295109255945
CP00014	E9	5289.074885955448	693.8885401777267
CP00014	F1	476.2607708743636	761.497167038514
CP00014	F10	NA	0.4000510465135351
CP00014	F11	0.20002552325676756	0.6000765697703027
CP00014	F12	0.4000510465135351	0.6000765697703027
CP00014	F2	0.20002552325676756	0.20002552325676756
CP00014	F3	0.4000510465135351	1.400178662797373
CP00014	F4	0.4000510465135351	0.20002552325676756
CP00014	F5	0.4000510465135351	1.6002041860541405
CP00014	F6	0.4000510465135351	0.6000765697703027
CP00014	F7	0.20002552325676756	0.8001020930270702
CP00014	F8	0.20002552325676756	0.20002552325676756
CP00014	F9	NA	0.4000510465135351
CP00014	G1	0.20002552325676756	0.4000510465135351
CP00014	G10	NA	0.6000765697703027
CP00014	G11	NA	1.0001276162838377
CP00014	G2	0.4000510465135351	NA
CP00014	G3	NA	1.0001276162838377
CP00014	G4	0.20002552325676756	0.4000510465135351
CP00014	G5	0.20002552325676756	0.8001020930270702
CP00014	G7	0.20002552325676756	1.400178662797373
CP00014	G8	3.0003828488515136	0.4000510465135351
CP00014	G9	0.20002552325676756	NA
CP00014	H10	NA	0.20002552325676756
CP00014	H11	NA	0.20002552325676756
CP00014	H2	0.20002552325676756	0.6000765697703027
CP00014	H3	0.20002552325676756	1.0001276162838377
CP00014	H4	0.8001020930270702	0.20002552325676756
CP00014	H6	NA	0.20002552325676756
CP00014	H7	0.8001020930270702	0.6000765697703027
CP00014	H8	0.6000765697703027	0.4000510465135351
CP00014	H9	0.20002552325676756	0.8001020930270702
CP00015	A1	99.89977796468705	106.34492493015073
CP00015	A10	1347.0357157819092	180.46411503298302
CP00015	A11	1105.342704577021	116.01264537834624
CP00015	A12	650.9598435118317	435.0474201687984
CP00015	A2	157.90610065386016	138.57065975746912
CP00015	A3	657.4049904772953	122.45779234380991
CP00015	A4	145.0158067229328	199.7995559293741
CP00015	A5	241.693011204888	174.01896806751935
CP00015	A6	18233.32076529675	296.4767604113293
CP00015	A7	828.2013850620829	167.57382110205566
CP00015	A8	1469.493508125719	409.2668323069437
CP00015	A9	89368.40782311939	260393.60512518088
CP00015	B1	2607.0619475300587	190.13183548117857
CP00015	B10	5223.791615508313	193.3544089639104
CP00015	B11	1260.0262317481493	728.3016070973957
CP00015	B12	315.81220130772033	151.46095368839647
CP00015	B2	1421.1549058847413	125.68036582654175
CP00015	B3	2407.2623916006846	157.90610065386016
CP00015	B4	5971.4286635021	267.47359906674274
CP00015	B5	3290.2475258692084	135.34808627473728
CP00015	B6	12484.24967210315	196.57698244664226
CP00015	B7	6561.159610842026	238.47043772215616
CP00015	B9	1888.4280608808583	132.12551279200545
CP00015	C1	2993.770765457879	132.12551279200545
CP00015	C10	882.9851342685241	180.46411503298302
CP00015	C11	828.2013850620829	164.35124761932383
CP00015	C12	966.772044819552	232.02529075669247
CP00015	C2	1047.3363818878481	106.34492493015073
CP00015	C3	306.1444808595248	190.13183548117857
CP00015	C4	1978.6601183973498	302.92190737679294
CP00015	C5	1562.9481391249424	1066.671822784239
CP00015	C6	15281.443455114386	212.68984986030145
CP00015	C7	953.8817508886247	212.68984986030145
CP00015	C8	1421.1549058847413	389.93139141055264
CP00015	C9	1005.442926612334	141.79323324020098
CP00015	D1	1417.9323324020095	225.5801437912288
CP00015	D10	1321.2551279200545	116.01264537834624
CP00015	D11	2065.6696024311095	193.3544089639104
CP00015	D12	2568.3910657372767	177.24154155025118
CP00015	D2	1688.6285049514843	170.79639458478752
CP00015	D3	1682.1833579860204	148.23838020566464
CP00015	D4	1385.7065975746912	199.7995559293741
CP00015	D5	6264.682850430697	170.79639458478752
CP00015	D6	225.5801437912288	183.68668851571488
CP00015	D7	1769.1928420197803	757.3047684419824
CP00015	D8	1102.1201310942893	225.5801437912288
CP00015	D9	1350.258289264641	209.46727637756962
CP00015	E1	770.1950623729098	174.01896806751935
CP00015	E10	1653.1801966414341	280.36389299767006
CP00015	E11	425.3796997206029	151.46095368839647
CP00015	E12	663.850137442759	119.23521886107808
CP00015	E2	435.0474201687984	251.3607316530835
CP00015	E3	1543.6126982285514	718.6338866492003
CP00015	E4	650.9598435118317	264.2510255840109
CP00015	E5	68379.78673008693	211739.19068289554
CP00015	E6	618.7341086845132	244.91558468761983
CP00015	E7	2784.3034890803096	750.8596214765187
CP00015	E8	667.0727109254909	235.2478642394243
CP00015	E9	940.9914569576972	170.79639458478752
CP00015	F1	641.2921230636362	154.6835271711283
CP00015	F10	1833.644311674417	183.68668851571488
CP00015	F11	676.7404313736864	141.79323324020098
CP00015	F12	444.7151406169939	122.45779234380991
CP00015	F2	783.0853563038371	148.23838020566464
CP00015	F3	20824.26984541315	196.57698244664226
CP00015	F4	1021.5557940259934	215.91242334303328
CP00015	F5	2532.9427574272263	170.79639458478752
CP00015	F6	138.57065975746912	222.35757030849695
CP00015	F7	2658.623123253768	902.3205751649152
CP00015	F8	10118.880735777977	209.46727637756962
CP00015	F9	2097.895337258428	199.7995559293741
CP00015	G1	541.3923450989491	190.13183548117857
CP00015	G10	2468.491287772589	792.7530767520327
CP00015	G11	119.23521886107808	183.68668851571488
CP00015	G12	290.0316134458656	280.36389299767006
CP00015	G2	128.90293930927362	12.89029393092736
CP00015	G3	1247.135937817222	592.9535208226586
CP00015	G4	112.7900718956144	177.24154155025118
CP00015	G5	8781.512740444263	444.7151406169939
CP00015	G6	367.37337703142975	164.35124761932383
CP00015	G7	9413.137143059705	164.35124761932383
CP00015	G8	112867.41365919996	989.3300591986749
CP00015	G9	219.13499682576511	254.58330513581532
CP00015	H1	718.6338866492003	141.79323324020098
CP00015	H10	30198.736106680073	660.6275639600273
CP00015	H11	83.78691055102783	151.46095368839647
CP00015	H12	45.116028758245754	77.34176358556415
CP00015	H2	557.5052125126083	225.5801437912288
CP00015	H3	186.90926199844674	161.128674136592
CP00015	H4	167.57382110205566	135.34808627473728
CP00015	H5	244.91558468761983	203.02212941210593
CP00015	H6	1327.700274885518	741.1919010283232
CP00015	H7	74.11919010283232	106.34492493015073
CP00015	H8	106.34492493015073	151.46095368839647
CP00015	H9	157.90610065386016	125.68036582654175
CP00016	A1	9038.078840024084	210.99435161853557
CP00016	A10	1342.0076384133392	567.3867910850918
CP00016	A11	9736.658158650205	54028.7595746521
CP00016	A12	360.57054543920043	104.87045991337115
CP00016	A2	887.8475191869071	441.2079907112348
CP00016	A3	767.1002565774878	399.0091203875277
CP00016	A4	179.65855682370358	208.06967743768462
CP00016	A5	946.3410028039269	433.2695893632107
CP00016	A6	158.76802696048222	156.26116337689567
CP00016	A7	38860.56365156434	494.26993656381705
CP00016	A8	380.2076435106285	328.81694004710397
CP00016	A9	12285.30280196321	65811.01841750894
CP00016	B1	306.2551677948249	215.5902681884443
CP00016	B10	589.1129421428419	165.03518591944862
CP00016	B11	251.521979553185	125.7609897765925
CP00016	B12	1697.1466460881022	173.8092084620016
CP00016	B2	436.1942635440617	159.18583755774665
CP00016	B3	199.29565489513163	198.04222310333836
CP00016	B4	231.4670708844925	309.1798419756759
CP00016	B5	331.7416142279549	250.68635835865615
CP00016	B6	12609.106014843139	260.7138126930024
CP00016	B7	415.3037336808403	183.83666279634784
CP00016	B8	205.1450032568336	124.92536858206364
CP00016	B9	3708.9046719163175	213.08340460485772
CP00016	C1	198.04222310333836	170.04891308662175
CP00016	C10	1545.481399281115	203.0559502705115
CP00016	C11	337.1731519923925	198.04222310333836
CP00016	C12	8603.138008271813	284.9468273343391
CP00016	C2	182.16542040729013	122.83631559574151
CP00016	C3	225.61772252279053	248.597305372334
CP00016	C4	1444.7890453403884	598.7225858799238
CP00016	C5	1040.7661977856874	640.5036456063664
CP00016	C6	299.57019823859406	228.96020730090595
CP00016	C7	350.54309110485417	318.7894857127577
CP00016	C8	1278.082617031882	723.6479544619874
CP00016	C9	1259.6989507522471	472.54378550606685
CP00016	D1	200.13127608966047	215.5902681884443
CP00016	D10	41188.18648892447	688.5518642917756
CP00016	D11	413.6324912917826	183.4188521990834
CP00016	D12	508.0576862735431	292.46741808509887
CP00016	D2	244.83700999695415	200.5490866869249
CP00016	D3	432.8517787659463	302.9126830167095
CP00016	D4	61920.3661357826	979.3480399878166
CP00016	D5	16886.65090963634	95603.42086604616
CP00016	D6	709.0245835577325	186.34352637993442
CP00016	D7	861.9432621565127	226.4533437173194
CP00016	D8	843.1417852796135	469.61911132521584
CP00016	D9	229.37801789817036	202.63813967324705
CP00016	E1	1029.9031222568124	152.5008680015158
CP00016	E10	593.7088587127506	193.8641171306941
CP00016	E11	108.21294469148657	106.9595128996933
CP00016	E12	72404.48745293886	787.9907864407091
CP00016	E2	839.3814899042336	205.1450032568336
CP00016	E3	244.83700999695415	205.98062445136244
CP00016	E4	253.1932219422427	236.89860864893004
CP00016	E5	3527.5748727035566	193.44630653342966
CP00016	E6	941.3272756367538	549.8387459999858
CP00016	E7	83050.71928183372	742.867241936151
CP00016	E8	521.4276253860048	231.4670708844925
CP00016	E9	1064.1635912324955	540.229102262904
CP00016	F1	18577.94820736274	109491.02730851845
CP00016	F10	2792.228221518165	220.18618475835297
CP00016	F11	248.17949477506957	159.18583755774665
CP00016	F12	779.2167638981562	176.73388264285256
CP00016	F2	2206.875574750703	176.31607204558816
CP00016	F3	388.98166605318147	263.63848687385337
CP00016	F4	1067.5060760106107	207.23405624315575
CP00016	F5	491.76307298023045	200.5490866869249
CP00016	F6	311.68670555926246	167.12423890577077
CP00016	F7	10794.554590923733	548.1675036109281
CP00016	F8	1099.2596814027072	553.5990413753656
CP00016	F9	177.56950383738143	163.78175412765535
CP00016	G1	114.48010365045297	155.42554218236683
CP00016	G10	14254.026336273188	78472.35075701014
CP00016	G11	17629.10034097523	86168.83976921815
CP00016	G12	219.35056356382412	225.1999119255261
CP00016	G2	430.76272577962413	240.6589040243099
CP00016	G3	415.3037336808403	209.32310922947786
CP00016	G4	637.9967820227799	220.18618475835297
CP00016	G5	1426.8231896580178	533.1263221094086
CP00016	G6	681.0312735410158	328.81694004710397
CP00016	G7	250.2685477613917	142.89122426443402
CP00016	G8	288.707122709719	178.40512503191027
CP00016	G9	454.9957404209609	236.0629874544012
CP00016	H1	376.02953753798425	129.52128515197234
CP00016	H10	2835.6805236336654	158.76802696048222
CP00016	H11	515.5782770243028	231.04926028722807
CP00016	H12	25.48644643313004	23.815204044072335
CP00016	H2	14.623370904254942	9.191833139817392
CP00016	H3	202.63813967324705	100.69235394072689
CP00016	H4	620.448736937674	345.52936393768107
CP00016	H5	2031.812934496908	142.89122426443402
CP00016	H6	227.70677550911265	130.7747169437656
CP00016	H7	260.7138126930024	86.9046042310008
CP00016	H8	142.05560306990515	121.1650732066838
CP00016	H9	579.9211090030245	330.07037183889724
